Country Name,Access to clean fuels and technologies for cooking (% of population),Adjusted savings: natural resources depletion (% of GNI),Adjusted savings: net forest depletion (% of GNI),Agricultural land (% of land area),"Agriculture, forestry, and fishing, value added (% of GDP)","Annual freshwater withdrawals, total (% of internal resources)",CO2 emissions (metric tons per capita),Energy intensity level of primary energy (MJ/$2017 PPP GDP),Food production index (2014-2016 = 100),Forest area (% of land area),GDP growth (annual %),"Government expenditure on education, total (% of government expenditure)",Heat Index 35,"Labor force participation rate, total (% of total population ages 15-64) (modeled ILO estimate)",Land Surface Temperature,Level of water stress: freshwater withdrawal as a proportion of available freshwater resources,Methane emissions (metric tons of CO2 equivalent per capita),"Mortality rate, under-5 (per 1,000 live births)",Net migration,Nitrous oxide emissions (metric tons of CO2 equivalent per capita),Political Stability and Absence of Violence/Terrorism: Estimate,Population ages 65 and above (% of total population),Population density (people per sq. km of land area),Prevalence of undernourishment (% of population),Proportion of seats held by women in national parliaments (%),Ratio of female to male labor force participation rate (%) (modeled ILO estimate),Renewable energy consumption (% of total final energy consumption),Rule of Law: Estimate,"School enrollment, primary (% gross)",Scientific and technical journal articles,Standardised Precipitation-Evapotranspiration Index,Terrestrial and marine protected areas (% of total territorial area),Tree Cover Loss (hectares),"Unemployment, total (% of total labor force) (modeled ILO estimate)"
Albania,0.8598790322580644,0.013981475646175957,0.008004958182868642,0.43787051028710916,0.3361109270267676,0.0017949059369319353,0.08349960918142856,0.10551948051948053,0.3225260783760925,0.2936429324407758,0.6913445941993804,0.16892765492296705,0.0,0.6592421109412927,0.47699418848079356,0.0028332530486445333,0.10576825787440998,0.06625441696113074,0.4584519764358979,0.0702451955324691,0.6842028619758062,0.5072875556823548,0.07734768186444704,0.03298969072164948,0.5433255269320841,0.7394514166218316,0.4627642953858973,0.4149642307089059,0.3547275576708745,0.00023854143321056369,0.6103967714545754,0.2539095837059121,0.000563519812935487,0.38560630256574047
Algeria,0.996975806451613,0.22321262634760639,0.0,0.19655933976519818,0.2702112118672739,0.05486130717499105,0.17777707163167092,0.3417207792207792,0.37722018607273744,0.005400256481742052,0.6576206678126392,0.2840702630941917,0.1549519275646411,0.08102580239144097,0.8804385869500883,0.08675755600279926,0.23084025123865837,0.1793286219081272,0.4507955415503964,0.05424943475467979,0.45826294583686256,0.15623411976545779,0.012625518304220193,0.0,0.049623393885689066,0.060542234046973065,0.0,0.23134287415302515,0.501182212900085,0.008483361152715344,0.22551664989426512,0.0787081515125113,0.006842788333468698,0.42702012136697537
Argentina,0.998991935483871,0.035810168716490454,0.0,0.48808555155178424,0.11980550827858971,0.008085997975720918,0.19827357377182647,0.18425324675324672,0.3600225542712151,0.10411202944334084,0.6933799261495368,0.2552960783977358,0.01726873891533651,0.5928481524768496,0.5992733608751092,0.006445554155176807,0.3382788902899173,0.04328621908127209,0.4675171004258496,0.25015440463488764,0.6514719532706723,0.3606790553086365,0.011232126870779256,0.014432989690721654,0.70486584283867,0.6549703272294087,0.10092698677221124,0.3282332992781287,0.5220189510223529,0.014516670650818254,0.33850658312588183,0.17105901270556043,0.06747598272541043,0.23506866815713828
Armenia,0.9879032258064515,0.06293005928801228,0.015724741139029726,0.6758107636870859,0.17343061517239294,0.025948300149659455,0.1185927596429345,0.23620129870129863,0.12019547035053102,0.11574971701272202,0.8490024907036736,0.16306171661957516,0.0,0.6896295963319246,0.41910469260731853,0.035828787004453695,0.09116478382661673,0.07685512367491165,0.45551911894050123,0.0844417540624361,0.44364916384951614,0.3850421709937578,0.07381894198469333,0.0,0.5397440004457015,0.7895457768345919,0.08572023747526301,0.4141963223663352,0.3236327222915979,0.0008838993342012363,0.2858250529595135,0.4422066912269742,1.671173822465857e-06,0.289612832250967
Australia,1.0,0.10861040800874121,0.007092950839822954,0.5436475648029757,0.04927044868581917,0.0010604104900803412,0.671220425065842,0.2573051948051948,0.38549008551827824,0.17646243616288962,0.67938413909443,0.28512441885966977,0.0767292075049006,0.8425110132158589,0.775247557749177,0.0020459759547010125,0.6067004066488502,0.01501766784452297,0.5589395204920367,0.4372121855422484,0.9000972747262941,0.52202053042219,0.0009159973055511063,0.0,0.5915456815467678,0.843510760237278,0.11186334756796168,0.8765323158951366,0.40442769500284437,0.09090639921437804,0.6842877975041809,0.5755439670154636,0.08724997986235543,0.12069271443273358
Austria,1.0,0.0014463185912353504,0.0016574402108183743,0.3605718935255144,0.02244362998948855,0.00395178044592907,0.29658851953742255,0.14366883116883117,0.2760078939949253,0.48432080256502313,0.6903271868629587,0.1341446815514559,0.0,0.8188663130450415,0.3218910018604271,0.005933228005983813,0.08430437011329113,0.01501766784452297,0.4817305441130874,0.08522602728096061,0.8221455451360111,0.626421535587621,0.08190023025926864,0.0,0.6375607730082343,0.8261309459781627,0.37100302051869605,0.9304500963657076,0.42414665352560343,0.02044486424445181,0.47546172551533855,0.5285863050764852,0.00556567729834029,0.1792469569537599
Azerbaijan,0.9889112903225806,0.2821746774530718,0.0,0.6669766360571894,0.11163127657719416,0.09769779755130917,0.19634130693293161,0.2913961038961039,0.5444976975848136,0.1394829043869161,0.6864607187968645,0.28050011273283537,0.0016802016241949033,0.7766115256675354,0.5860340421092237,0.034887627474504454,0.17892772056223613,0.14664310954063609,0.4665204983643071,0.09771669621804616,0.40812458534215335,0.17249106411531642,0.09277875081136325,0.0,0.23248882265275655,0.9181135101363322,0.011248828247057599,0.28858280173583906,0.4030380586321106,0.001472458811811026,0.3813868309570538,0.09876621736457218,2.8409954981919568e-05,0.19244827708577308
Bangladesh,0.2782258064516129,0.009357846831817873,0.004072088413299821,0.8352900151110079,0.2264341707740445,0.02147659900029515,0.029222542200216042,0.07305194805194802,0.5085988159007612,0.14603495328246324,0.7370202588407577,0.2358945717211605,0.9593017828806123,0.42355929155803285,0.6484592113850461,0.00346319301858671,0.05568758914044532,0.22349823321554774,0.4172931022482077,0.025703381643112283,0.3658001604698148,0.1424668992422924,0.9999999999999999,0.17938144329896905,0.2776240153289342,0.33052339361967437,0.2896573273617332,0.2950018305889482,0.6082936053129168,0.007346048873818956,0.3954048101574237,0.08746394668931615,0.0058781868031414055,0.14084956882785052
Barbados,1.0,0.005388557546944722,0.0006879184146762009,0.2651400674183425,0.03415001982985255,0.05508047130641443,0.19463527970509004,0.26948051948051943,0.29724649938915504,0.1479145888140775,0.8232217232729292,0.27074367765711205,0.0,0.726714915040906,0.6843113308844294,0.05498882353142134,1.0,0.08745583038869259,0.46566310420977364,0.01852683807178542,0.9577099062743974,0.48344604564396165,0.5018163568872672,0.0,0.3815201192250379,0.8755922637786973,0.04718258514738048,0.559433326424231,0.35441245295250534,9.016973680261608e-05,0.24200245708064078,0.0,5.681990996383914e-06,0.27460165371375844
Belarus,0.996975806451613,0.01172858394853315,0.0,0.4548413344182262,0.14755695387279602,0.0024148100672000705,0.2864319217389521,0.3831168831168831,0.29555492904802183,0.4428695429665275,0.49683035919227325,0.2759260781082358,0.0,0.8382405825766428,0.2857620102848413,0.002614932654610824,0.21034745270849173,0.0061837455830388716,0.4764113783481083,0.3837822264488317,0.4445222030246558,0.5334471552836909,0.033634408317904076,0.0,0.6199701937406856,0.8001530558343419,0.0858243932923654,0.12418104086391324,0.3444396342434263,0.002007818294019636,0.6791844989261323,0.24795533122361788,0.02121688861526203,0.11533411405656695
Belgium,1.0,0.0005464027010138949,0.0004241504029769336,0.5106358247123097,0.011349871667458208,0.021999362570453287,0.32920545420053826,0.22564935064935066,0.2717789681420919,0.23152364345764226,0.6537502937428908,0.22129046509389202,0.0,0.6545446372381551,0.36984499987163455,0.03235944450074514,0.0748800832315605,0.018551236749116608,0.5079221954352462,0.07911182357879723,0.8057083139631163,0.6285050044847442,0.2929315880566836,0.0,0.6676602086438158,0.8284780433714529,0.1263410061451932,0.83215021132295,0.4261820264865125,0.02539527088921037,0.7485152382687332,0.31956185666842196,0.003055908451761066,0.18893502253451153
Belize,0.8276209677419355,0.007045417863108443,0.01418974345619208,0.08752760664884343,0.16543606508946831,0.00037102360828055586,0.07397974502120568,0.40016233766233766,0.29320552579644765,0.568853626312425,0.7702979531119478,0.45073242403185465,0.2105852702324279,0.5458509394947406,0.6576793254951392,0.0006511289649233474,0.14809207377831354,0.0812720848056537,0.46566310420977364,0.10830995419983921,0.7663287595254398,0.11284515052653504,0.011847102707216388,0.04948453608247423,0.12816691505216102,0.5729888635302294,0.3249661493594418,0.26211113282084186,0.4045117346242809,9.854616044001757e-06,0.45611006231778234,0.37841983870538454,0.0031050409621415625,0.28397033251712267
Benin,0.05241935483870968,0.0,0.0,0.48099500174357784,0.5290208533572998,0.0007492065793469511,0.016900231329695894,0.37824675324675316,0.5184663095573724,0.278889059072563,0.7197840044713287,0.428063000878355,0.25977784000746756,0.47203991728850103,0.7903768371536384,0.0004715249605852629,0.030230756215470465,0.7199646643109541,0.4670330365673861,0.042154547137857545,0.5617259556453531,0.05137580837190537,0.08708371020645235,0.15257731958762888,0.0370922338135454,0.7959013302530917,0.47963753775648377,0.2947125906400897,0.5552808331326665,0.0004227033033419541,0.4085419741799886,0.42081999251695856,0.0005698702734608572,0.04237197913339721
Botswana,0.6612903225806452,0.014938379457713319,0.017838643894084016,0.5251656398930606,0.02841811945906572,0.005740415012563104,0.12425933914671367,0.14366883116883117,0.24236443943238417,0.272169720120862,0.7103100383876927,0.5787718567831429,0.0,0.5576508136294163,0.742406623668045,0.0013093773269112214,0.15374265748076177,0.29063604240282687,0.46709947670482227,0.2591956807923777,0.9380592860548795,0.0678280707280696,0.0018614713468246768,0.42061855670103093,0.10332836562344744,0.844142473663001,0.2818456410790543,0.5893416055619424,0.333067792692325,0.00048057677574581896,0.6024567937691758,0.522183991104543,3.342347644931714e-07,0.8300507470101849
Brazil,0.9647177419354839,0.0653862215150068,0.0,0.3240729977914681,0.12635244447076074,0.0007018021660622114,0.10554027995438672,0.23538961038961037,0.4011840992387933,0.6077402300938064,0.651523505903281,0.25510440149348657,0.0029870251096798285,0.6347882765440975,0.6740569924723151,0.0007891220948256711,0.2446676517333246,0.10954063604240284,0.5106525687022659,0.1964999359141341,0.5664718594160922,0.27343349258026595,0.01808726809935294,0.04536082474226805,0.22185618044116667,0.6717946626269811,0.5197375273409021,0.38977097396754984,0.445160243293827,0.10494309033890771,0.3228928339972245,0.5242101619981769,1.0,0.26824940558571986
Burkina Faso,0.16330645161290322,0.2202852132016577,0.0,0.6154829710566082,0.33846229742764206,0.00407686732936057,0.010970068809428416,0.2459415584415584,0.44882999718071603,0.22919264777624768,0.6287197788400597,0.5961436851608701,0.42462428824792314,0.5509305043603343,0.8554433352118921,0.00478442021480067,0.07785761320637706,0.7120141342756183,0.46118234970291766,0.09596188705427595,0.18378953045271795,0.03249065445582718,0.06053470749008309,0.2824742268041237,0.20688062803047752,0.7517379779872952,0.7066972190396834,0.29325576950713145,0.2023778475768645,0.0003566475133742817,0.41193612115834555,0.2942577074325368,0.0,0.16977181589126655
Cambodia,0.5766129032258065,0.0005522148575763901,0.0,0.39997675229571084,0.3540975824205584,0.0010949654460485913,0.05229607385877221,0.32305194805194803,0.49487830091156837,0.4588815777449536,0.6991507066165765,0.3769065051374292,0.5944179968262858,0.840915220713836,0.7319081784465017,0.0005101493638233846,0.12245010505502424,0.20141342756183744,0.4480185019963679,0.05479113395172408,0.6443488914497874,0.12956388434568547,0.07069784975884871,0.04742268041237113,0.2766020864381521,0.8184478536236679,0.5339027184668264,0.22194772234580165,0.5197533902048183,0.00023703337833110285,0.9831517230766074,0.569232507417857,0.048212027839082,0.0
Cameroon,0.3014112903225806,0.08669209342877658,0.15049350821654672,0.23817273044286877,0.35864726810800046,0.00020521605787026902,0.014766481090293637,0.26298701298701294,0.34545625411145575,0.4391472960698439,0.6654142800530705,0.27228263754208104,0.04573882199197238,0.6838757529443493,0.6333092315986695,0.0008402376556683395,0.07257302881024545,0.598939929328622,0.4578413599346988,0.5385093415876646,0.2970785734628833,0.038776942623892495,0.04264274126338586,0.08041237113402062,0.510680576254347,0.8631005349519005,0.8206436829496928,0.17270479752858675,0.5284509646792325,0.0016769271634876322,0.5771872697133007,0.19657431180993706,0.056418159776918345,0.12346073317009121
Canada,1.0,0.03789241464057202,0.0,0.06997558991049634,0.03385118746714953,0.0007554432154358659,0.6479374134905717,0.44805194805194803,0.381073207405319,0.40368686692694516,0.6702409715960854,0.21194799702087505,0.0,0.8479277173424433,0.0,0.0022094864090426492,0.3079572315364216,0.026501766784452298,0.6200423002208344,0.2767449477198018,0.8577009493662435,0.5859261741096229,0.0016937977841479524,0.0,0.44959832097284835,0.8690935645767095,0.24684928653265287,0.8919930522000035,0.36261017589984,0.0982686932734332,0.3967073980112157,0.2038309311584037,0.8439381010585549,0.18457006991021682
Chad,0.08971774193548387,0.23629052746555232,0.22604203676547402,0.45949087527606647,0.5232038973824852,0.0036484562084504878,0.005892235018428103,0.24837662337662336,0.5563386899727468,0.031311236366205794,0.6379934002980303,0.411664544381494,0.08251656865490525,0.4089723995325001,0.9053758082321667,0.0025631792817927147,0.4202148259438614,0.9284452296819787,0.47279434562792255,0.376819561161001,0.26259504296596436,0.01355792972687967,0.008849041363403864,0.5958762886597937,0.3676004448243768,0.6005848309103297,0.7664826580564524,0.08259979812466495,0.2944473758891376,9.959134699013895e-06,0.598109507462553,0.37571617681638136,0.0017029261250927083,0.0275027502750275
Chile,1.0,0.16431169225373052,0.0,0.16215273741718006,0.06916721425322896,0.002471827698837626,0.1811586222355834,0.1680194805194805,0.32215017385584055,0.25103479024023984,0.6421554207360317,0.5044201705598472,0.0,0.5788006832689021,0.4309903409642013,0.005516477855121864,0.0652967643365688,0.04063604240282685,0.543523826698811,0.06654242005437781,0.6851610805929648,0.38460110085101046,0.018529333572611897,0.0,0.5392048459208686,0.6717218316443025,0.2768461618581398,0.6507740431384652,0.39794357327171637,0.01339688764349105,0.08683712974550717,0.6784413994248728,0.023934551485356004,0.3142056141097981
China,0.8860887096774194,0.0176532450750368,0.0,0.6375682901313495,0.14481975344780978,0.01268651202940647,0.3872446195333964,0.42694805194805197,0.3822009209660745,0.24046190188305133,0.6533264343751709,0.20474673874130492,0.03696443573228787,0.761867301986874,0.46252136875508953,0.026016934968074702,0.09281879788755455,0.04328621908127209,0.4390482924884679,0.07558156398329986,0.537565277515919,0.3918581699108459,0.11416698260956108,0.0,0.3506618742877175,0.8146817983049515,0.15269242787209666,0.449208721524294,0.4072168805597859,0.9999999999999999,0.7682998498565583,0.26414931884819837,0.1793687575390829,0.16856524362113628
Colombia,0.9173387096774193,0.07354933803510116,0.0,0.41892363129141,0.1785226031013137,0.0008092080512257993,0.09194438100003768,0.08847402597402597,0.37176957052908566,0.5444114687501387,0.7402113293380431,0.3749169499493271,0.049005880705684686,0.5904881776499147,0.6648396370113914,0.0026033223500833667,0.17366763121529388,0.09540636042402828,0.6471372210305182,0.09582779838695439,0.48459498254063116,0.24412924166851635,0.034092800480207686,0.0845360824742268,0.42104927596292585,0.6087728977347373,0.3245495260910322,0.34305281233523005,0.47984650049103184,0.013869983869785283,0.6880185546448784,0.29863291094387323,0.08862836403112527,0.32637779907022957
"Congo, Dem. Rep.",0.04233870967741935,0.5775369697368581,0.5684456684736987,0.17470649773334884,0.3606302806833125,1.893549153695672e-06,0.0,1.0,0.4859505685555868,0.5653945061055937,0.7741690825369827,0.47105225932682004,0.0004667226733874732,0.5445248584015103,0.6556700322536971,0.0,0.0380953403954118,0.6802120141342757,0.4643635667596828,0.024160730829101855,0.13230230486177685,0.0482196270850758,0.03091073052046769,0.6762886597938144,0.1335320417287631,0.9028433632635835,1.0,0.0,0.6627284717552689,0.00024540980196850434,0.6340334780171701,0.24677356189976632,0.4170771905161554,0.15195713119699064
Costa Rica,0.9657258064516129,0.0001409266732342559,0.0,0.3799837266069976,0.07505580329994063,0.001702519677157925,0.0738326202744477,0.06655844155844155,0.27516210882435854,0.6127631840950422,0.6851366987240963,0.5300530584454421,0.0,0.5907578890587069,0.6425301152709546,0.0032290139395840622,0.10085964174625031,0.04946996466431096,0.4673114523814043,0.07221727946553877,0.9056025193276975,0.3066449490064318,0.07605710327602304,0.010309278350515469,0.7517452349203863,0.5514219045095765,0.37787730444745343,0.580865778447156,0.5070276159634922,0.0009837893059199813,0.7316394249074045,0.5152676534948712,0.002623074431742409,0.2945810710103269
Cote d'Ivoire,0.436491935483871,0.042224900260054266,0.0,1.0,0.29688163820473473,0.000906771961917329,0.018159112514572095,0.18831168831168832,0.4772107884597311,0.0851986102361548,0.729721305563619,0.3999495369552759,0.03901801549519276,0.5338038299020047,0.6852575853968552,0.0030626062732120062,0.027703499837548676,0.6431095406360424,0.4559335788454602,0.017379135768629476,0.5177052671681592,0.02702749450168252,0.06487090201454175,0.10721649484536082,0.1580905218442331,0.7407549856950699,0.6581606082699719,0.3285203312257883,0.3437149460255976,0.00034880861424837123,0.5580129232831936,0.26762977094319573,0.061247852123844676,0.07849817239788494
Croatia,1.0,0.008103279950290828,0.00860440146475988,0.30338254097407885,0.06574161256786228,0.001065342364238834,0.20748256349083574,0.16558441558441556,0.17310403157597964,0.3544910303393735,0.7216951686823164,0.20017619892702096,0.0,0.6130315562348287,0.4349169269178116,0.000788574298362432,0.10069492585864025,0.022968197879858654,0.45649436524358217,0.08907031078814823,0.8153323844481042,0.7131217273001652,0.05171180157612608,0.0,0.47311021407210796,0.8039796220595339,0.33559004270388504,0.562010195154144,0.3585850464739978,0.0071560190277704565,0.41032300863900095,0.4287778183779017,0.0017594118002920542,0.21501827602115048
Cyprus,1.0,0.0001760579565961666,0.0,0.15703824247355574,0.019966219763259727,0.02216615536168242,0.2463381654331168,0.11850649350649349,0.3536321774269334,0.18932989352213825,0.6954517412396728,0.2711985742652494,0.0033604032483898066,0.7803874853906319,0.697776190246203,0.02354093064352254,0.06465458460265741,0.007067137809187277,0.4680351753070483,0.05678853926569541,0.7642941832191057,0.4475770366145575,0.10201246776297597,0.0,0.16010219288907845,0.8350904645983521,0.15487970003124674,0.6178331112910409,0.39492630523488736,0.0022065829133798656,0.3377398674444547,0.19990434885130656,0.00021491295356910922,0.22048333865644626
Czechia,1.0,0.0038794831369225154,0.009942707486291157,0.5271416947576427,0.031568461514171295,0.006498544793235472,0.3665334102361243,0.24756493506493504,0.2497885537073583,0.3545972569556127,0.6403352599583569,0.20568351592568915,0.0,0.7886811112110041,0.35081160951430346,0.012945333679489567,0.13079517742172048,0.007067137809187277,0.46852714870568285,0.09058988285896225,0.8689429537380574,0.6627800094216442,0.10313340068819085,0.0,0.3606557377049181,0.7086312126371075,0.17519008436621183,0.7638081910507744,0.40350483819960525,0.022376846788641925,0.5560478745106695,0.3971659385660495,0.018815077597614097,0.08314702437985734
Denmark,1.0,0.004084530581133088,0.00030252310148823065,0.756480297570615,0.011089907881546564,0.01020682145377471,0.2114691358078877,0.0779220779220779,0.3077718259562071,0.1590789393210886,0.6480754530851582,0.24132423000213657,0.0,0.8605142497527645,0.3159810754143825,0.01649378280696212,0.1519658265405881,0.014134275618374562,0.48391515910831007,0.20718050266066895,0.8820152609492551,0.6585559536959947,0.11107093138311025,0.0,0.683912113163876,0.8640110655332915,0.4119362566399334,0.9840078659345,0.40878854429427813,0.022861395273278205,0.5515419372549686,0.3207052546397667,0.0016026556957447569,0.16377444196032506
Dominican Republic,0.9344758064516129,0.025174963929856246,0.0015569292326985309,0.6381494827385796,0.12899004033447156,0.019087771032457537,0.12978456477713918,0.0641233766233766,0.5338783948876985,0.46355763887709905,0.6913837334901063,0.6132847216419697,0.005787361150004667,0.5685516497347836,0.671411828494697,0.024778697497228084,0.09277414237806869,0.27385159010600707,0.453825686389896,0.05875074264717453,0.7404210284435757,0.19015974670253205,0.17842808369240057,0.07835051546391751,0.40348262608832136,0.6107058425205345,0.17227372148734507,0.435236252927078,0.4075342661029525,0.00011534380142411148,0.46696511752908665,0.33431403727535763,0.004740117430042157,0.19124170481564284
Ecuador,0.9465725806451613,0.10030395323341347,0.0,0.24514704172962917,0.156530386296217,0.0013661370894519158,0.11005415305105677,0.16314935064935066,0.26106568931491403,0.5128482981362743,0.6524832251955144,0.17489427064661253,0.00037337813870997856,0.6107165333093587,0.6334326285832766,0.004130453528878528,0.17922262012544202,0.09275618374558305,0.49405360769946277,0.05559699448607838,0.5907798046463436,0.21089691504568236,0.0535161696532289,0.23505154639175257,0.5964732885876834,0.6135331010399785,0.20779085511925843,0.28980056775016,0.37688901638114725,0.004241113189373319,0.611296100184848,0.3578203196384702,0.010118289025501779,0.11835054473189255
Estonia,1.0,0.013109050656837505,0.0,0.2635127281180984,0.035676775592769855,0.004182001742205836,0.3389875399715268,0.24675324675324678,0.32487548162766655,0.5847390261747928,0.5662579627057216,0.3246084833731301,0.0,0.8734828733255415,0.22988881781769446,0.005673344717345821,0.09096195807420568,0.0,0.46803201149097995,0.30852937723187457,0.8447536898987619,0.6633632002153328,0.022314031569256904,0.0,0.36499387643682335,0.8416504269271192,0.4150609311530049,0.8534806520488551,0.3916131440424203,0.0025983934885475176,0.6135247337276934,0.3626130213394299,0.0113653189318258,0.22857447035026085
Ethiopia,0.06350806451612903,0.10185702903070473,0.32100713446874496,0.39091014762292225,0.7473240374873589,0.0054011513779191915,0.003983756769800217,0.4951298701298701,0.4250540362747862,0.15212071557181572,0.7007242266706357,0.6330820827947119,0.0313637636516382,0.8989031736042432,0.7910107188028371,0.02018157196888787,0.08885430674721409,0.3957597173144876,0.4964051139922929,0.09392346464506761,0.11639390539146988,0.052852248758127766,0.08039980000069147,0.39999999999999997,0.6466055744046684,0.8542897835322476,0.9308405374440163,0.28891017690242826,0.23891595906270346,0.005912978663711078,0.8264910394692497,0.3047116294586552,0.006601470833504628,0.11050782497604598
Fiji,0.5372983870967742,0.037053934624070486,0.06821357302591685,0.19307218412181795,0.24175901636718852,0.00014139017903352986,0.05611432438842982,0.08928571428571426,0.6443943238417441,0.6437432420985978,1.0,0.33209440067371965,0.0,0.41384968084149953,0.6037672718614484,4.441386083940178e-05,0.049810266852434185,0.22703180212014135,0.4609150072451388,0.035094207564933436,0.8554659822821737,0.1391116320728736,0.037307752870505896,0.0845360824742268,0.2552818444814588,0.3875096022267052,0.30882199770857205,0.5492212552143704,0.4977356234568743,0.0002516211963235115,0.7230971696708332,0.01759626711817157,0.002406156069586341,0.14304978884985273
Finland,1.0,0.0014559532408925733,0.0,0.08125072649075904,0.043804418267266214,0.001720441300262409,0.2608071854528013,0.325487012987013,0.25439338408044354,0.7567165033420524,0.625743545014654,0.18292857073128801,0.0,0.8449833677964576,0.12478143750390695,0.004339456011563822,0.08973384370221124,0.001766784452296822,0.479490562336668,0.23552100650940233,0.8889995271922024,0.7460333749471467,0.012380357051098308,0.0,0.7183308494783905,0.9018562055691408,0.49307363816269145,1.0000000000000002,0.3978102327450125,0.0169036676939855,0.7053012380068661,0.23519855066173082,0.08920692440846295,0.23968203271940097
France,1.0,0.0005249074719914171,0.001400867339733393,0.6050215041264675,0.03176464021691121,0.008229960227172555,0.18904360074823287,0.17207792207792205,0.21558124236443932,0.3232134860830728,0.6424476807072305,0.1351583445627916,0.0,0.7254113098984087,0.4178396059555619,0.014348374893984422,0.09573925759051118,0.021201413427561842,0.48016524611325195,0.11197710867405711,0.7421118059814861,0.6930227187384238,0.09362465161317873,0.0,0.5709990779172818,0.8641280897973338,0.174148526195188,0.7863692025563158,0.43679540606795697,0.09924964564443141,0.5155532791049194,0.656694258549309,0.037730425624576146,0.24358564888746942
"Gambia, The",0.008064516129032258,0.051139691590652105,0.1670685621267812,0.7230036033941648,0.48326199756621474,0.0020876956934486584,0.009522629629790776,0.16314935064935066,0.0,0.238203480249583,0.6806624576357218,0.33279578222096207,0.33650704751236815,0.444844016901915,0.7995536434154524,0.0012493004912898281,0.05472997714198753,0.40547703180212014,0.464112834336263,0.019102704325683187,0.6659748219472611,0.028680422421303385,0.1991792211016732,0.3525773195876289,0.058790276992651186,0.8391101892226767,0.5060931153004896,0.336792587196593,0.31694087005570915,7.58357498295226e-05,0.4418498821226078,0.051614432324685953,6.350460525370256e-06,0.13911068526207457
Georgia,0.9314516129032259,0.019505797456169555,0.003299804826764624,0.3914913402301523,0.12161159225204135,0.0017463517561195068,0.1421092081584878,0.23295454545454541,0.3999624095479747,0.4154948054920391,0.8040785146917527,0.26178345446239526,0.0,0.5969612514609368,0.39678645757255404,0.003251090431557103,0.1573511608442153,0.06625441696113074,0.4635006359270297,0.12228866887898149,0.5375980131446165,0.46000684576487594,0.048298202202417574,0.00824742268041237,0.24526293378752317,0.7018714241624326,0.24268305384855743,0.5074374550417293,0.4575373145130247,0.000915687936561357,0.49842066574378885,0.1528333896796902,0.00014037860108713198,0.40924092409240925
Germany,1.0,0.0005156635901173463,0.0,0.5465535278391259,0.012882085968806117,0.014346086800090464,0.32610732689446376,0.13230519480519481,0.20327036932619102,0.33373865776981426,0.6292433667001905,0.13416000495053318,0.0,0.8505798795289037,0.3639431454180908,0.02096584974397631,0.059663553733039276,0.014134275618374562,0.7298852483911995,0.08170517612239328,0.8160175140407951,0.7271871989659866,0.18166951181835572,0.0,0.5290935009395458,0.81815679135892,0.19216748255390065,0.8828860404451297,0.42072515315519265,0.16330494855517144,0.6266553406248025,0.6927314806370715,0.06760833969214973,0.09897441357038929
Ghana,0.3225806451612903,0.18885547011346981,0.21968081414137716,0.6386144368243636,0.43866783592451897,0.002966059088504256,0.025504348021514908,0.15097402597402598,0.605394229865614,0.35894597032306724,0.6551312562978235,0.2868115721436124,0.347801736208345,0.6415085858131797,0.7535985663771256,0.003835817430366969,0.036160453170511815,0.3710247349823321,0.46542819086669573,0.032786112092837015,0.6365054947440495,0.0627132786412066,0.10944012220468874,0.04948453608247423,0.16474732421081079,0.8933110383619198,0.4176648265805646,0.4396031909113998,0.3811495971054576,0.003133887351884001,0.5775381874863422,0.13757813790924936,0.03388438618955322,0.11852798183044111
Greece,1.0,0.0010376415699929233,0.0004911084584945188,0.47925142392188774,0.06545089401379449,0.010948911924226737,0.2488709701744948,0.12824675324675322,0.29771638003947,0.3088745482632809,0.7056144616700415,0.07301860090948062,0.0,0.5982648566034341,0.5242548656252948,0.012759420986467694,0.09743327865384847,0.01501766784452297,0.4515422021425362,0.08330350574978065,0.6708470555744244,0.7349812789259685,0.061472469562298036,0.0,0.2801788375558868,0.7201181914890937,0.20758254348505362,0.5502961003481213,0.38958882430938246,0.018710720582963247,0.43842586712120735,0.19750809268137312,0.01639053861598063,0.3758472621455694
Guatemala,0.46068548387096775,0.010574559175457958,0.0,0.49505986283854475,0.20050974889184472,0.0018718400901609812,0.05073768713207498,0.2532467532467533,0.3459261347617705,0.3350777683290175,0.6763109898293664,0.5060019754751341,0.09558480350975451,0.45228355659444386,0.65305095349071,0.0034750117589755648,0.06739502974230645,0.18551236749116606,0.4473588463461088,0.05868491232861235,0.5734592066593875,0.11445392642632518,0.12126971298727399,0.22268041237113406,0.25111773472429216,0.38411169406125073,0.6802416414956776,0.15018581191946972,0.4501567409118955,0.000176621595734086,0.41491685134830114,0.18098876200413827,0.01667697780915128,0.10426203910713651
Guinea,0.0020161290322580645,0.08927351477252246,0.2916481755196112,0.8459839590840406,0.6065524209578133,0.0002021440924901683,0.011525883372315521,0.338474025974026,0.6927920308241707,0.2548163516923666,0.6881602922231932,0.24348472846021088,0.0418183515355176,0.25741706374179607,0.7266479054693353,0.0007197672623178112,0.14468643918401666,0.8542402826855124,0.4622113808791612,0.10749485113941461,0.42592470330674,0.062043836813553,0.040743248157560225,0.21443298969072166,0.4345090246729586,0.5915140243190178,0.6809707322153943,0.15701055483671794,0.38181542249866973,4.972101731291795e-05,0.4601931078400217,0.46810099092260976,0.05594321217657355,0.1840377586145711
Honduras,0.4989919354838709,0.005648639389698743,0.0,0.36626758107636875,0.24694662433868741,0.001070780083402704,0.046685019264156684,0.26704545454545453,0.3375622591861668,0.5807105293701513,0.6738667105479845,0.2982576135912889,0.021002520302436295,0.49759507327159924,0.6451751068329995,0.002768803100557527,0.08371992821885677,0.12897526501766787,0.4607599802577877,0.05873639793805896,0.5083016139631691,0.08819486323891518,0.06906800259588604,0.334020618556701,0.39362891207153505,0.5849444602816527,0.5201541506093116,0.18049281995767802,0.21897847997940256,0.00014528093046687436,0.49643937211614814,0.1968856898902988,0.023228647662746425,0.23304588523368464
Hungary,1.0,0.005578026813815008,0.0,0.6422178309891898,0.09375251421606184,0.049017613923731045,0.19127238454136938,0.19561688311688308,0.03364345456254103,0.22859840953337968,0.6851990986154843,0.18758574151667193,0.0,0.782814888069765,0.4605250676578684,0.0049418470916979314,0.07756259467184265,0.0176678445229682,0.47281491043236706,0.14228235541013226,0.8216064643914491,0.6603654351314001,0.08025982845278269,0.0,0.15625070209467667,0.7460416319235572,0.15217164878658473,0.5773119471645166,0.4219729397682367,0.011154783318643485,0.34270183569684154,0.4049245907069278,0.004596730716074586,0.1374782639554278
Iceland,1.0,1.9605550745285932e-06,6.404949014822164e-06,0.18365686388469138,0.0754211349087709,6.151368503828716e-05,0.4496082924672791,0.9228896103896105,0.2912320270651254,0.0022418689889669007,0.739835212395021,0.372599386650709,0.0,1.0,0.119538619080361,0.00010534377024179218,0.1605788962875401,0.005300353356890459,0.4676982288957649,0.22219425279101335,0.9869594459556562,0.46252255207979254,0.0011895439669772636,0.0,0.7562273791781986,0.8825601274149588,0.8607436725341112,0.9296721904563701,0.3887687800701526,0.0010101130757466101,0.7355883314912282,0.05115514364098443,0.0,0.10057134745732638
India,0.7651209677419355,0.02828540331244042,0.009308180154604677,0.692897826339649,0.331399191636398,0.02816535354319302,0.09743038141848329,0.2573051948051948,0.5332205619772578,0.24796741783505727,0.739867868269042,0.3385404774895485,0.5255297302342947,0.299379663759777,0.7384704013660024,0.041752214751921965,0.051921634147865846,0.25265017667844525,0.43816005112726764,0.03322791054430364,0.5039309005817465,0.179680903934107,0.36282474606284076,0.2907216494845361,0.1718864282532549,0.28424482082626595,0.37152379960420795,0.492214052189136,0.4988968264516068,0.22278184164557752,0.7837505131570932,0.07862880067159951,0.04436899651693952,0.15795450512793216
Indonesia,0.9052419354838709,0.05642085578805043,0.0,0.3333720795071487,0.25849561308127084,0.00690225901379752,0.11964524707383019,0.16314935064935066,0.43285405507001207,0.49532164152686475,0.7005511477513,0.3885920082996346,0.021282553906468774,0.6080643711228984,0.6491056204974699,0.018568169629191816,0.13932961169681876,0.1784452296819788,0.4458900447363592,0.05157313430994864,0.5380003666390416,0.1810128090642157,0.10970750171235863,0.07010309278350517,0.29650748396293714,0.5722515983142387,0.227684616185814,0.4085811988418836,0.4126585776337889,0.048595784404293685,0.9779587536650289,0.09427272277649341,0.28122212273167396,0.1085915043117215
"Iran, Islamic Rep.",0.9566532258064516,0.11687007982188374,0.0,0.3319772172497966,0.26493592767211877,0.04552604040834251,0.32668006148055434,0.6225649350649349,0.12038342261065693,0.06530605878219552,0.669360718125774,0.6210699492837473,0.14057686922430693,0.08983637507866571,0.8278465868939059,0.05107546364836425,0.2319166743391252,0.09363957597173145,0.3417451293051627,0.09305197687864943,0.2355007887832467,0.1952679615803657,0.04006549001421151,0.07422680412371134,0.004668952507998675,0.0,0.009165711905009895,0.18050033865320797,0.45680016948282176,0.0862247100316557,0.0,0.1372537870280668,7.0189300543566e-06,0.3022463536676248
Ireland,1.0,0.0017374860960784584,0.0,0.7016157154480995,0.013590524566724244,0.001935120304248989,0.30636069446060815,0.0,0.47392162390752757,0.11451050019151277,0.7845235430678179,0.24609142010457993,0.0,0.7804099613413644,0.32913075280066495,0.013492205223987284,0.3588772972307944,0.009717314487632508,0.4777805197517037,0.4364784154928114,0.8864671649776033,0.4615368748920705,0.05459388651873513,0.0,0.31818181818181823,0.8286717691144188,0.1410269763566295,0.8813051444195286,0.4050565885791203,0.012774240153110872,0.5910823556844712,0.07227554489030198,0.002934581232250045,0.15036019731005357
Israel,1.0,0.004335160042813728,0.0,0.2830407997210276,0.019695032916350635,0.10714082271504646,0.2971099239898667,0.09983766233766232,0.32327788741659613,0.06359832973709904,0.7315853777434007,0.4717387879302217,0.027256604125828435,0.7035197338847432,0.789713886659343,0.06921938197773131,0.11955268225609855,0.01236749116607774,0.47876842131905817,0.054831163810619005,0.3149152704469086,0.36348025050501265,0.33175237201273977,0.0,0.32190760059612467,0.8733867675224594,0.05686907613790231,0.7209645297822578,0.36211242974949964,0.020826088572990377,0.32246896513447865,0.18873912539785037,9.692808170301971e-06,0.11125306078994995
Italy,1.0,0.00149413462574965,0.0005582677187713622,0.5092409624549575,0.034207656649363476,0.011568780164344282,0.2432740872094148,0.11120129870129868,0.24330420073301373,0.332174527086977,0.6683003417438347,0.08447978093453598,0.0,0.5331745032814885,0.4966980209993337,0.018536185942586873,0.08055231478405481,0.005300353356890459,0.48782642672285603,0.04944949754661723,0.7629413411173239,0.777612436018389,0.15229621480913696,0.0,0.48137108792846506,0.6386337594184943,0.19310488490782213,0.5424258811755197,0.4238366368010219,0.12753051235492624,0.2924374666602013,0.26051880864762283,0.009446811383634996,0.264026402640264
Jamaica,0.9294354838709677,0.0055397289156384226,0.0035154212327930335,0.44228757410205743,0.18482746297030733,0.007812509107448415,0.12363588502230624,0.20211038961038957,0.39639131660558224,0.5686054198415345,0.6987783173898316,0.43616397119059713,0.007280873704844582,0.6454194012406722,0.6451422280242634,0.00771627681131492,0.027127103845161177,0.09187279151943463,0.46566310420977364,0.020442920971877013,0.7540381539765141,0.192936817025969,0.19936174094849937,0.11958762886597939,0.41558441558441617,0.7772748734654704,0.11748776169149047,0.4408131283712844,0.29877927625042944,0.00028921804965502125,0.6294411639972376,0.02847536910234781,0.0004963386252723595,0.1831150857021186
Japan,1.0,0.00025186491361976234,0.0,0.14169475764268277,0.016572517709292776,0.011440850115214693,0.3678910988099835,0.1769480519480519,0.2743163236537919,0.7019146418888137,0.6119075903506019,0.0841542427140052,0.02174927657985625,0.8817315472444485,0.39020867730152553,0.022568803441363715,0.01649947087159325,0.0026501766784452277,0.5349380208432202,0.020735885779518515,0.9371085144985125,1.0,0.2638068876444595,0.014432989690721654,0.08191582301248793,0.7212939135926308,0.08644932819497969,0.8897952291480045,0.4367108401023384,0.15081574570551512,0.7388638387787076,0.2729124893645866,0.01619434280922314,0.08630540473402179
Kazakhstan,0.9415322580645161,0.26606511218231327,0.0,0.917354411251889,0.07802684201366679,0.024023895893532328,0.5816574920471845,0.37905844155844154,0.5326567051968799,0.01022587875141686,0.6576206342860589,0.6711629473623912,0.0011201344161299357,0.7865683718421286,0.43095712152957677,0.02134172590632475,0.43793806070725955,0.07332155477031803,0.4558299638692205,0.13133166948138295,0.5597817422497359,0.22163461001656315,0.0037637809667330577,0.0,0.393892528751792,0.8249607375141308,0.016977398187688782,0.3299654146572066,0.4157201463061383,0.004424423979028182,0.15214820236371174,0.21021023394592026,0.00023998056090609706,0.1577770680293836
Kenya,0.31048387096774194,0.021732952632730833,0.07074549939518232,0.5704986632570034,0.45353210814334616,0.012225663207704466,0.01656412070110649,0.325487012987013,0.3881214171600412,0.06231341281979709,0.6911457444498192,0.45390309069094936,0.04676561187342481,0.7200170817225566,0.8593553898968974,0.020800758241810012,0.07874638920802238,0.3109540636042403,0.45213304479330785,0.08094066577192202,0.40517044046766915,0.04114336719395948,0.07004704129528258,0.5216494845360824,0.32361081541409364,0.9676928523832262,0.7535673367357567,0.371951173065891,0.3728913445769225,0.0026065160811656034,1.0,0.1853294784260995,0.0025281517586263486,0.19106426771709428
"Korea, Rep.",1.0,0.0004367356705044213,0.0,0.18156457049866326,0.02871957267637503,0.028318862968326964,0.5091306503915393,0.3417207792207792,0.2831500798797104,0.6597109245942424,0.6456627740472105,0.27456363974816533,0.004107159525809764,0.6391036590847792,0.4138869915583022,0.0535534018816346,0.042881543917253656,0.00795053003533569,0.46566310420977364,0.03205089783265074,0.8022118658692162,0.5075366370885753,0.40651912761184206,0.0,0.23804592184697831,0.7133555036304704,0.03624622435163004,0.780029760244559,0.3900162157870798,0.10822614074273046,0.6359599175838722,0.1049099465509506,0.005796967755369565,0.08673125377053834
Kyrgyz Republic,0.7943548387096774,0.16116621458758973,0.0,0.6225735208648147,0.19808461445812425,0.009877473870070694,0.06260564067088217,0.32305194805194803,0.391598533972371,0.06858289697289562,0.7213824095712473,0.5169704376515678,0.0,0.6047154544637237,0.29176339688452213,0.03138546408168312,0.08067092555545084,0.1360424028268551,0.4543469250871631,0.05821770213114923,0.509740582600189,0.09359403798944893,0.025533704076651793,0.04742268041237113,0.2704240617802474,0.6066049393655233,0.3113217373190293,0.1444928132597998,0.3384501005975328,0.0002780793472780132,0.2506245369094758,0.12003235700385166,6.016225760877085e-06,0.13570389296994217
Lao PDR,0.10383064516129031,0.0601046856470871,0.09061914644170113,0.10996164128792281,0.33435593147606485,0.0023860887334020324,0.12023575988679508,0.2573051948051948,0.4112395451555305,0.7363967680616503,0.6475919506909947,0.14218183797148706,0.10043871931298423,0.4479232221522971,0.60835134147411,0.002875995835876814,0.1232578768752507,0.357773851590106,0.45751390497162053,0.08704794353626846,0.8655899607930138,0.09397331123816074,0.023113210553131404,0.04536082474226805,0.29719021482316127,0.8730079267444657,0.5193209040724924,0.2389030045922145,0.37330741965465675,0.00012237641378278543,0.5532905827964534,0.3347852358000323,0.10614460533391891,0.12669008836367507
Latvia,1.0,0.0008919509230828971,0.0,0.36289666395443454,0.07600492994411029,0.0006279830081084862,0.15925280961857213,0.16477272727272724,0.3087115872568368,0.5624070610161562,0.6608471278597094,0.2682758711188542,0.0,0.8004809853456798,0.23580695124501813,0.0005298623558557595,0.11522639945859814,0.01501766784452297,0.4598250726095787,0.2767049853624995,0.7806688433619742,0.7070082121089938,0.021659433060712288,0.0,0.4411326378539494,0.7830804057081147,0.4541193625663994,0.7145602264092626,0.40226161323615284,0.00218287210992854,0.5958098202311485,0.31386495344364085,0.016184315766288346,0.22208027254338336
Liberia,0.0,0.38433952863284115,1.0,0.22689759386260605,0.747082360456667,0.0,0.005007758993007755,0.9821428571428572,0.2968705948689033,0.8086981188911206,0.6903612830742999,0.2356452304467008,0.0005600672080649678,0.7989301447451225,0.6195360742685548,2.3582595486297986e-05,0.0,0.6537102473498233,0.45765944051076646,0.0,0.5769856316291222,0.06162695999821146,0.039856279558010126,0.7402061855670102,0.10060633280934134,0.8784348189134581,0.9664618268930321,0.20854574605832288,0.09387032721502087,6.972887412952758e-06,0.5213740283451271,0.02156071457146903,0.043396373352264386,0.09343837609567408
Lithuania,1.0,0.00012812831445589823,0.0,0.5281878414506568,0.052252301921283925,0.0009907146948283374,0.20136320739305147,0.15178571428571425,0.2673620900291326,0.3594825984307246,0.642150780024153,0.2714905253424066,0.0,0.819630495369954,0.26079489130133787,0.0010126723853801194,0.12065239525093535,0.011484098939929327,0.4556773097439207,0.37336313761198564,0.8262977118447901,0.6719154426802277,0.03278588293038785,0.0,0.41196055426958755,0.8133461989475992,0.3286116029580252,0.7526462771244731,0.42173503219691566,0.0040784373684651385,0.5957344763915324,0.31910169148197937,0.007565069659538442,0.22399659320770784
Luxembourg,1.0,0.00010833615239739821,0.00035392401957092765,0.5952574683250029,0.0,0.0029655184804114744,0.4870614234863688,0.07224025974025973,0.41170942580584524,0.3519912924069309,0.6205696340150454,0.20981186142317612,0.0,0.7217477299289756,0.3751323210674862,0.0023543677553599343,0.09772261873943895,0.0061837455830388716,0.4711618165366338,0.11969760305394692,0.9344654249040609,0.46203157572007403,0.1897553383100284,0.0,0.5007451564828609,0.8446131496239526,0.214977606499323,0.9478833575184702,0.38771723211383746,0.001402849387572941,0.716137269025735,1.0,0.00035261767654029585,0.1798857305085347
Madagascar,0.008064516129032258,0.09789855863333523,0.31714839456738186,0.8118098337789145,0.47092159010199414,0.0024698993834291385,0.005153261204344804,0.6777597402597403,0.3273188610093035,0.21686395949755016,0.6697591117875326,0.31057100647226976,0.003547092317744796,0.997280409961341,0.7450522502240299,0.006952667083290086,0.07282437877854686,0.5653710247349824,0.46507621632908747,0.05005161464431125,0.5138390361549416,0.05700927846161769,0.03660887207780702,1.0,0.23623927912278814,0.9435793981694951,0.8694927611707114,0.20107889340955354,0.8443831838296599,0.00023270331976631416,0.39389282351952126,0.055130913126957934,0.0785050614841561,0.056886333794669786
Malaysia,0.8366935483870968,0.10442850116352072,0.09982908746223958,0.2980355689875625,0.15881113026256571,0.0006825781842230365,0.3805366297019388,0.2759740259740259,0.2980922845597218,0.5948974064491226,0.7685883997808576,0.5324217333449318,0.025949780640343506,0.6150543918007729,0.6557057916640814,0.002024189162010619,0.12628144749814005,0.04946996466431096,0.5111295139745755,0.051807261123741996,0.6909048846148083,0.19183305115399873,0.07701853351951,0.004123711340206192,0.1473858831621616,0.5869357040077416,0.059264659931257166,0.6153817210530459,0.3794345923047605,0.0326657229129827,0.8823901032417745,0.1583953238674245,0.0927681958241377,0.12040881507505588
Mali,0.005040322580645162,0.2704589450501042,0.1336109475649071,0.40706730210391723,0.7330147818233641,0.005399481662444735,0.011703838615288844,0.34090909090909083,0.6103749647589513,0.10922253226899241,0.6683557258279328,0.46336979254990895,0.38205918043498555,0.5837903443315653,0.9001239058208107,0.004899610177906015,0.12235447465672927,0.8401060070671378,0.45381619494169084,0.1530121714315612,0.0,0.030144050371643007,0.012166283708364105,0.21237113402061858,0.41558441558441617,0.5443307146591252,0.6625351525882721,0.18538900105461903,0.09075472053974809,0.00013662081333729706,0.3165645575179228,0.13475400446265165,4.345051938411228e-05,0.10773980623868838
Mauritania,0.48991935483870963,0.1271652291562669,0.03723136362668174,0.44263628966639545,0.3890772223349046,0.21230105251687176,0.03930881619113907,0.18749999999999994,0.42693355887604556,0.0,0.7222852141308702,0.0,0.427051246149538,0.0,0.8817105239669316,0.008203188783025138,0.1758447249352339,0.3401060070671378,0.4644814189082303,0.15694847750593907,0.5200537282446401,0.05910519640162581,0.0017923503667475963,0.12783505154639174,0.26697057362438215,0.33001723223809615,0.24257889803145508,0.27921916935093294,0.2522006231037899,2.0157169180912677e-05,0.29832015387944827,0.019215327606667006,0.0,0.3693530643386919
Mauritius,0.9909274193548386,3.657557699759383e-05,0.00011948896968049656,0.49505986283854475,0.0762509277398031,0.013855164518066766,0.14949230189596477,0.08928571428571426,0.12517620524386808,0.19720575957194883,0.7732760476044546,0.2335044239005982,0.0,0.4973253618628066,0.6286819802954653,0.013759518299267045,0.17895295806431516,0.12897526501766787,0.46528502818960116,0.02747266390724727,0.8742914445870619,0.36267196333444424,0.4865453813223389,0.088659793814433,0.2622950819672132,0.5430530362642931,0.09644828663680867,0.6809569762840304,0.438370227867554,0.0002857241403303297,0.42643792106731554,5.138944812031548e-05,0.0,0.16569076262464957
Mexico,0.8497983870967741,0.04811338294650551,0.0,0.5839823317447402,0.07551392627932023,0.013747855586423177,0.1713304159417196,0.17451298701298695,0.4318203176393195,0.344504752627432,0.671836467612162,0.3931038084174545,0.09614487071781948,0.5261620066528812,0.7384808913817845,0.028095242662153085,0.12856037419888544,0.0989399293286219,0.457793902693673,0.06692963213435027,0.4713996868257463,0.22797861731347108,0.0485258856557308,0.0,0.7988077496274218,0.5139781925725437,0.12686178523070513,0.2219317820546193,0.44386245398326685,0.029962273244911547,0.7116325147921102,0.3395074366304829,0.06319677503560435,0.09240924092409242
Moldova,0.9828629032258064,0.0001482449695689649,0.0,0.856096710449843,0.15531288676639127,0.03285489436377534,0.08881181895740992,0.3222402597402597,0.17470162578705006,0.11773607119343818,0.4903552879310932,0.39806220496890987,0.0,0.7100827114986963,0.4526730101439861,0.0077727798659207965,0.14159463816585935,0.10777385159010601,0.4543698627536589,0.07473850378317953,0.47763297495325907,0.41896427615229254,0.06772007958584,0.0,0.6305942069616799,0.9992700932151934,0.24487032600770753,0.3816714674139561,0.4804722360022088,0.0003944832664886764,0.7903974813108948,0.2047174722037573,0.0003780195186417769,0.047304730473047306
Mongolia,0.5544354838709677,0.2599290092081729,0.0,0.7963501104265953,0.20367267076178264,0.000791165485745124,0.633058968123953,0.44886363636363635,0.8156188328164645,0.09069610801764703,0.6949341845559573,0.1743281449793829,0.0,0.4963588959812999,0.35999763790664874,0.0019961634190588423,0.6529915428893656,0.11219081272084806,0.46566310420977364,1.0,0.794718857303501,0.09331836422245984,0.0,0.1134020618556701,0.21052631578947312,0.7368441365791918,0.039891677950213526,0.40900298452813244,0.354230250140687,0.00030207384422151445,0.6112749115336716,0.35469434861433086,6.250190096022306e-05,0.18414422087370025
Morocco,0.9808467741935483,0.00228718013567148,0.0,0.7705451586655817,0.22771463872883216,0.0229235675959122,0.08308920343651664,0.1826298701298701,0.3288224790903109,0.12976835167884032,0.6180930325355172,0.6633593047585642,0.020815831233081304,0.1273037849501033,0.7332015055075527,0.03183424055775186,0.031330045205884706,0.1413427561837456,0.43892332175376647,0.04193619782564113,0.5695249578476712,0.19682975438187456,0.062304006264771804,0.07835051546391751,0.3347356109339923,0.11083770117861885,0.11217581501926883,0.40628177079791733,0.5681711776556392,0.009623390916642043,0.26354910628690953,0.028244900230123438,0.0005140530677904976,0.3391532701657262
Mozambique,0.06653225806451613,0.012470369407446268,0.0,0.6083924212484018,0.5397266414474962,0.0008792786816848713,0.009569664156287704,0.8668831168831168,0.8513297622403907,0.4752282347917548,0.6812344950985363,0.4834478810620624,0.025483057966956036,0.832689022745662,0.7318997048518731,0.000960617872332852,0.054530597735431535,0.597173144876325,0.474952859140581,0.05856476541443606,0.31421534890866926,0.03387673993996294,0.029749529754041725,0.5773195876288659,0.6628912071535022,1.0,0.8411623789188627,0.17928746471589418,0.648745612153634,0.0002478137310337836,0.3120722421379348,0.3221821270584003,0.09293029968491688,0.12268000993647751
Namibia,0.47580645161290325,0.05332903483762479,0.05014505754706393,0.5427176566314077,0.15738945987567204,0.0028371833308416757,0.06394282082611753,0.19480519480519476,0.27675970303542896,0.07914021747269845,0.7464458202477289,0.6930020170264125,0.0,0.4128832149599926,0.8028591401143356,0.0003998906705146219,0.2490582601857269,0.32685512367491165,0.4622612109822383,0.3556361650474932,0.8006018231159351,0.08516784076932879,0.0007112002179599402,0.3010309278350516,0.6956322366158426,0.8625353267255438,0.32444537027392983,0.5720430078577583,0.7845180244372868,0.0002856942778574691,0.6392143288288578,0.4165077995621434,1.3369390579726856e-06,0.6888108165655276
Nepal,0.42237903225806456,0.008603420281940449,0.027947652511773287,0.2983842845519005,0.44049403163000295,0.0029728739690280375,0.024581511950481735,0.3717532467532468,0.4896156376280424,0.42554068624312164,0.70675269678823,0.26068813386386924,0.07215532530570336,0.01429470466600724,0.5335144019253857,0.005094144226037042,0.08861394431280245,0.22261484098939932,0.7082202269088884,0.04372055563327731,0.587453605400755,0.15703358927957706,0.15965377291631272,0.0597938144329897,0.49640970058257716,0.4202123906761092,0.7748151234246434,0.3370478288518999,0.6214532626102199,0.0021750332108026295,0.6729634236732107,0.4232982556076223,0.0009201483066497008,0.38152524929912346
Netherlands,1.0,0.005274617622259202,0.0,0.6172265488782983,0.03138750005820738,0.04752600247646256,0.30324528241293625,0.15178571428571425,0.2811765811483883,0.11030788213507817,0.6806051537986321,0.2107243765590228,0.0,0.9216038838442866,0.3711549040592492,0.01044459058665614,0.09651639497165213,0.018551236749116608,0.5121838556793662,0.09843392801099068,0.8430616390902995,0.6442392035527271,0.39925062502554326,0.0,0.6318926974664686,0.8609667877560001,0.11082178939693782,0.9171129483067346,0.4555858934495157,0.0498246550249807,0.7243439050128682,0.45342551140260173,0.0008212148163597221,0.11703751020263317
New Zealand,1.0,0.007616921533424879,0.0,0.4234569336278043,0.11666098118299655,0.0018566126306587896,0.26903062429668156,0.22402597402597402,0.2771356075556808,0.3847301048043901,0.6505171268493921,0.3258842571581557,0.0,0.9173334532050703,0.3718519234502611,0.0049279626175327725,0.7515339839900312,0.02385159010600707,0.495893366743231,0.672969182004086,1.0,0.4985617357782024,0.013290314222992535,0.0,0.8063219326478731,0.8667767756708158,0.2964274554733882,0.9375964358887869,0.38129100824298845,0.01340239726973383,0.872190516993677,0.5483787842486563,0.022140713504321154,0.12466730544022145
Nicaragua,0.592741935483871,0.039004211710177046,0.0,0.4865744507729862,0.31751251351441667,0.0004674667324882001,0.03653943351880068,0.2849025974025974,0.5341603232778874,0.28017264604746744,0.6688302033310498,0.6218503001025525,0.013254923924204237,0.581587701159759,0.6451899156486246,0.0012563849796057912,0.1621326046007037,0.09982332155477033,0.45744983769623565,0.1101641491111728,0.5619983569465288,0.1218933504791003,0.04217224699670075,0.31546391752577324,0.8282864676307309,0.506022831013337,0.5414019372981982,0.09985484321040894,0.48779798208412284,4.519685267453533e-05,0.4658889273214921,0.17839885022501548,0.030699797353462285,0.16072252386528976
Niger,0.04334677419354838,0.015182666854036077,0.0,0.42241078693479023,1.0,0.046454787796609026,0.0030998162461188744,0.31331168831168826,0.5782351282774175,0.005609867131567253,0.8263968449811085,0.2583458380614798,0.14757770932511902,0.7265351074350443,0.9079838713221366,0.006801090254321874,0.13284433849713403,1.0000000000000002,0.4621805336724944,0.11398660143363973,0.265634261176587,0.027986343235942575,0.013693531745402299,0.2804123711340207,0.36787388002082805,0.6847968101140653,0.8515779606291012,0.32707606040447645,0.0,8.39882049204695e-05,0.2856134720564016,0.32602908252421203,0.0,0.01121402462826928
Norway,1.0,0.13460448338496683,0.0,0.026153667325351626,0.039229226196158824,0.00039787198522799137,0.3259854648197663,0.1964285714285714,0.29734047551921805,0.3417303150465901,0.6538721860765868,0.18419043248294412,0.0,0.8613908118313403,0.05905757984170948,0.0011464765792468556,0.08881410007374053,0.001766784452296822,0.47417060561767177,0.13989904443197493,0.8809470341143141,0.5755964804361442,0.009775703917252626,0.0,0.708859866489122,0.8914458711479543,0.636808665763983,0.9459621502300356,0.3934358739528495,0.01979086115756799,0.6250787478009611,0.27219121051916895,0.0213699681373999,0.11654068632669717
Pakistan,0.5453629032258064,0.018621222831024416,0.007430011469381532,0.5374869231663373,0.4854571815590804,0.21712640504851274,0.03615740820444706,0.23214285714285715,0.4825674278733202,0.04618385449179728,0.6882784390040495,0.15379808340233755,0.60991318958275,0.2925020228355657,0.7568173548637771,0.07313867612430362,0.08143368539927111,0.5415194346289752,0.0,0.05755181113233479,0.15273703966986074,0.09023542550831559,0.22944961791709806,0.32989690721649484,0.27066175124846326,0.12577081464427348,0.48380377044057915,0.27540484317593406,0.22550830593053917,0.025429060277252155,0.22638181872748503,0.1754019534134344,2.1056790163069798e-05,0.19518080840342097
Panama,1.0,0.02325065398589576,0.0,0.33790538184354296,0.04668093184044026,0.0005127531997622085,0.14457122444872708,0.03327922077922077,0.4169720890893712,0.5807518845874534,0.8125455932071557,0.23679371248676082,0.001586857089517409,0.5743279690730916,0.6398722703381989,0.0004247904134425586,0.13294657921945166,0.10512367491166079,0.46999199554534693,0.05482165753635976,0.7324350991206545,0.24024258755889327,0.043505448675738745,0.0577319587628866,0.30763418064272313,0.583400285554539,0.29455265076554527,0.3614648090082235,0.4219835543759628,0.00037547580251289723,0.8357346417949466,0.495980673912606,0.00815198590598845,0.2637070158628766
Paraguay,0.7106854838709677,0.02400324910837248,0.07480683556429074,0.6237359060792746,0.2336878231424436,0.0012533817282172842,0.0537432899598084,0.17938311688311687,0.13494972277041628,0.40735578871912104,0.594005294327302,0.2080292057265635,0.14645757490898909,0.7186685246785935,0.7135256800064946,0.0010134898049049032,0.5374468352396584,0.14310954063604242,0.45915355264906316,0.38500776713278423,0.6633769422995602,0.16141737977987683,0.011335793273291095,0.03505154639175258,0.2175856929955291,0.6643674751284461,0.6383710030205187,0.2979738330352494,0.3274106453988531,0.00021820508919248734,0.30654952271369545,0.25641026754532575,0.09263817850074985,0.19205791546896622
Peru,0.9173387096774193,0.13334296819690553,0.007284043515495092,0.2162036498895734,0.14620881845095404,0.0014340604445224,0.07517749397805808,0.10957792207792207,0.5355699652288318,0.5778804611001143,0.6471123743964131,0.4042074928699564,0.004107159525809764,0.7536411040186997,0.6333148960810341,0.004381912819742808,0.10607223093901462,0.1068904593639576,0.5285091465922537,0.05818492628981203,0.5361768152774609,0.2362601950486613,0.01862418709040079,0.09278350515463916,0.6199701937406856,0.8008212379071391,0.3277783564212062,0.30875863020661765,0.4933558257748146,0.004022624406688656,0.44732618564446325,0.3010842859248811,0.07527100590292017,0.11671812342524573
Philippines,0.5917338709677419,0.022872019388125595,0.0,0.49075903754504246,0.1926636935827348,0.011247924843599435,0.0610007765952418,0.13636363636363635,0.27657175077530305,0.24658871004701638,0.746599607127137,0.3755047165573566,0.10669280313637637,0.4425289939764452,0.6530416977181157,0.01639723348778031,0.06225670899957368,0.20936395759717313,0.43249286559476574,0.0165965938369574,0.4658570143578702,0.127759165959252,0.29238930475660435,0.055670103092783516,0.3934042869259774,0.5666030316118531,0.30111446724299556,0.3178622766065038,0.3117800653280861,0.0045755430229393055,0.7872283484480933,0.06655714558457536,0.0163383979927197,0.07193299975158807
Poland,1.0,0.0055929103818577125,0.0,0.54818086713937,0.0529269380986119,0.010141263707217825,0.34524322714544253,0.19155844155844154,0.3818250164458227,0.31659645208523324,0.699569184134842,0.21598554465803702,0.0,0.7009349995504808,0.3350473592988523,0.018759369605244332,0.08547645113131401,0.020318021201413426,0.46504695103045485,0.1278046515442718,0.7858270588604059,0.5986588532278754,0.09328496223976909,0.0,0.41003045422147366,0.7266913947339433,0.1665451515467139,0.5792220651978582,0.356584236781195,0.05488607541259858,0.5628582020112602,0.6807425199463017,0.02592592221220632,0.09180595478902728
Portugal,1.0,0.004340594083201892,0.005247675909768372,0.49854701848192495,0.03970672116570292,0.010116419633394843,0.16432189928182728,0.10551948051948053,0.36895028662719664,0.3695227056144666,0.731475928500167,0.16453756829518815,0.0,0.7716443405556053,0.5479280536727156,0.0076168985218390975,0.12457059594081249,0.009717314487632508,0.49772442529281113,0.05678195671427411,0.8808840936786337,0.7391098875142303,0.08542994167150843,0.0,0.5655413723838523,0.8520222393966228,0.32350796792000835,0.7674226151395461,0.4618791276897801,0.025519722744856973,0.4305071121152908,0.30827029628229635,0.012441554873493813,0.2219028354448348
Romania,1.0,0.013101035779603018,0.0,0.6371033360455655,0.07666913618140937,0.009491994363249505,0.16433134548603895,0.10633116883116882,0.1325063433887793,0.30728597903500904,0.6860298649460026,0.10939863538746444,0.0,0.5371752225119122,0.43491573052194465,0.003641875871668584,0.09445592220107844,0.03886925795053004,0.4555990052962281,0.09774292902299657,0.7825934232400679,0.6098246845026436,0.06233095625942465,0.0,0.24603712234114644,0.6180989315341281,0.24903655869180294,0.5719362029819268,0.2991506997965242,0.014487868295744192,0.6416748178998326,0.4365079984943455,0.004912916803285127,0.19159657901273996
Rwanda,0.08568548387096775,0.06692803712106714,0.21858072164896644,0.8820179007323027,0.5637231951481696,0.003999408476539675,0.0036144724473643874,0.19318181818181818,0.4344516492810825,0.11263931389498222,0.7586129188188426,0.2628546138242144,0.0,0.45169918187539326,0.634682174704537,0.012583775961630121,0.0164662026880167,0.33038869257950526,0.46441418781677707,0.022164882423527932,0.6619359414402126,0.05185002315142823,0.4184566827595589,0.6,1.0,0.8012165030592708,0.8461618581397772,0.5009630866195413,0.8068771253887855,0.0003831205955652137,0.6615994113878291,0.16304023978395898,0.000976633981849047,0.5226587174846518
Senegal,0.34274193548387094,0.04002961028048412,0.0,0.5689875624782053,0.3611202545937979,0.0074302343777390934,0.029073990997632703,0.19480519480519476,0.9999999999999999,0.4266485998413156,0.6770409349838444,0.6034689419987659,0.574255577335947,0.21974737031376423,0.855453938769637,0.010112469264071285,0.07782830852103069,0.32332155477031804,0.45768237817726226,0.07229227716118145,0.6134592643495471,0.05439229069709276,0.06583174099989686,0.06597938144329897,0.6958406719956638,0.49280705266275066,0.40089574002708056,0.3883252092569513,0.21297806855369894,0.0005798247042980609,0.42953110619574375,0.27734963521784217,5.915955331529134e-05,0.09751942936229106
Serbia,0.8296370967741935,0.011125268257191612,0.0,0.4642566546553528,0.0747641033269743,0.03985557567464142,0.28906357011151323,0.3368506493506493,0.2564608589418288,0.33063239606921524,0.6443858779306207,0.07213044863400872,0.0,0.7005753843387574,0.46910406917783776,0.0036380076497224984,0.1959685863754934,0.030918727915194344,0.4658553060359283,0.1349894785984841,0.6082889292017876,0.6835379680743864,0.06091702977745685,0.0,0.5583538929729867,0.7005840602554556,0.2693469430267681,0.429420730721333,0.36635607973588036,0.007068357738688132,0.5284145784458698,0.1457039607681202,0.0013610039610161939,0.27037865076830264
Sierra Leone,0.001008064516129033,0.1421852705323208,0.45499469911607643,0.6307102173660352,0.6061188733801459,3.759622594163111e-05,0.005249321620415868,0.35957792207792205,0.3161357015318109,0.35602794159560996,0.6628640870175596,1.0000000000000002,0.03360403248389807,0.2892205340285894,0.6616099085463646,0.000169434688976948,0.044309475617002256,0.907243816254417,0.4666850167998633,0.018548904458580186,0.6302845031089969,0.05346309387389075,0.08816164612459858,0.5216494845360824,0.12510462813629275,0.9110606216044614,0.7397146130611395,0.23239601685120134,0.9999999999999999,8.621295914858505e-05,0.6053634100920398,0.09117833846277262,0.03777955813495664,0.10603641009262216
Slovak Republic,1.0,0.00021660346811510587,0.0,0.43601069394397307,0.037272226475506785,0.0027291123436627737,0.24563244188282232,0.2621753246753246,0.14162202800488677,0.40972619365331503,0.6281080889679993,0.1519649545798152,0.0,0.758383529623303,0.3613235998714789,0.0013617488730724644,0.08889056555559517,0.03180212014134275,0.46704410992362544,0.07363309865341942,0.7708344160062877,0.5431665574003628,0.0855700430036656,0.006185567010309277,0.2861400894187774,0.8095896366803557,0.18216852411207166,0.6320832062843413,0.4059801471746026,0.00808178554892227,0.4343276645728167,0.6735147565117764,0.0020381635938793593,0.19911991199119913
Slovenia,1.0,0.0027317848132562576,0.008485420233422395,0.3476694176450076,0.0271164322609833,0.0033386487876321752,0.24696504862722823,0.16964285714285715,0.21539329010431352,0.6293878609589192,0.6425703511236729,0.227700518480314,0.0,0.7770835206329225,0.3796576768696246,0.004129984911414287,0.0888080024922098,0.001766784452296822,0.4717384220150977,0.07646519576350258,0.8402489372828118,0.6604923045529865,0.07894475140910032,0.0,0.6199701937406856,0.8310342814874943,0.23174669305280698,0.7285132180144915,0.40266979315112195,0.005703881628741077,0.3813019503614663,0.7184249987859719,0.0007463462291132518,0.1171439724617623
South Africa,0.8971774193548386,0.0766932874147558,0.0,0.917935603859119,0.05018058967262913,0.028515719225297515,0.2938983121330464,0.474025974025974,0.3962033643454562,0.14146253014062157,0.6313647979745075,0.5183399328401626,0.00037337813870997856,0.4222781623662679,0.6701349524024733,0.04083326485126622,0.13927105722257216,0.27208480565371024,0.49006561754525835,0.058118095367581224,0.46344610014678445,0.15562775140987428,0.03603849856264017,0.11134020618556702,0.7362146050670642,0.7832230873517001,0.10009374023539215,0.4660593330224282,0.38357183304187015,0.02370651818646994,0.6971763836703627,0.22814682692168137,0.017402601482865956,1.0
Spain,1.0,0.000674424604883319,0.0,0.5710798558642334,0.04772002328466983,0.016395654156948145,0.21340767068882957,0.12662337662337658,0.2607837609247251,0.38001122037907487,0.7099584347608519,0.1458416100550801,0.0,0.7206688842938054,0.5386984251666685,0.027110440972342744,0.09252466040530452,0.0088339222614841,0.6308071843935281,0.09011988825682579,0.7238626086370944,0.6451502773402977,0.07139387428861038,0.0,0.6732627605378784,0.8120459344291544,0.19997916883657954,0.6809412986547009,0.4385770811320101,0.09799516795326642,0.4410252662006964,0.32109825836477474,0.02867466891539816,0.42301004293977784
Sri Lanka,0.34879032258064513,0.0009730418519875104,0.0031788362042145957,0.5598047192839707,0.1692162931419753,0.015401373114725819,0.039582020582473,0.050324675324675314,0.2646367822573066,0.3484172218031457,0.4331749698344268,0.010789017108289528,0.17791468309530475,0.31643891036590843,0.6924432462076091,0.05705888867736981,0.037843831749789746,0.04151943462897527,0.39257895302998663,0.020156917437363295,0.446712118338331,0.32757839545931833,0.27409115476809537,0.0577319587628866,0.0,0.3109186031710662,0.5121341526924279,0.44494483932826623,0.36927325465365,0.0026459196141051804,0.8841807453131687,0.060401577503025806,0.004443985428701207,0.2280421590546151
St. Vincent and the Grenadines,0.8941532258064516,0.0003391121769758264,0.0011078475846223116,0.2034174125305126,0.0824806554738031,0.004931169505763616,0.09609345181222001,0.1176948051948052,0.28221031857908085,0.7510792567066394,0.6924343679974428,0.35896764378594614,0.0,0.6922368066169196,0.5930225015569442,0.004834657748400647,0.06968544333834685,0.10335689045936396,0.4653633326372938,0.008657153063388183,0.9291670160300989,0.32299546416421604,0.2043041246926579,0.012371134020618554,0.22977916271507964,0.6758891639758444,0.050619727111759195,0.6380870488302491,0.5527141157176462,0.0,0.39843888617900813,0.008208025473735402,4.345051938411229e-06,0.6520103623265553
Suriname,0.9566532258064516,0.1676229013426935,0.10825556324796555,0.0,0.1522668525177323,0.00034598684493587794,0.19410311410707073,0.2922077922077922,0.15797387463584245,1.0,0.6420194237435746,0.3136983240418715,0.0,0.3964308190236445,0.6182300178919005,0.0023462357301883433,0.2716412293190977,0.13427561837455831,0.4654155356024222,0.05515758085684416,0.7584017071760056,0.1955240492776678,0.0013703566179568496,0.13402061855670105,0.4306127816253187,0.6319415130040522,0.15113009061556087,0.4254724285330741,0.3827404724026785,1.8096658553530492e-05,0.9514460140431591,0.15188894755828214,0.004098386682215268,0.2767308988963413
Sweden,1.0,0.01005278410981777,0.0,0.07985586423340695,0.01607020634688763,0.0008688535278185126,0.1594653190115017,0.19724025974025972,0.2825862230993328,0.7049062285756685,0.6517523785128326,0.2980625426885617,0.0,0.9297626539602624,0.13003829665272618,0.002114596080535526,0.04751330759089811,0.00441696113074205,0.5297825825597803,0.13085800317566146,0.8919351703452087,0.658043048283962,0.018034179476610162,0.0,0.7347541837654099,0.8909131463471482,0.6067076346213937,0.9261034695299597,0.6047082364531023,0.032659227825135514,0.5418315940615135,0.27815819640487893,0.1113526514342515,0.26679442137762166
Switzerland,1.0,3.6818595555813486e-05,9.778867223809202e-05,0.43403463907939094,0.008410226589865,0.0026113370091640302,0.1699660643787608,0.03490259740259739,0.24725119819565833,0.32885309844415256,0.6447599400439467,0.3351394557851116,0.0,0.925896790434235,0.30087937829635714,0.0039518283925301535,0.061076243328257354,0.01590106007067138,0.508205356973367,0.05142916670421305,0.9601131494233921,0.6112552515731684,0.1679627695500706,0.0,0.646795827123696,0.8364334416338501,0.27309655244245395,0.9431074755500379,0.422239357649559,0.034442838672917676,0.6450526310756639,0.21743625762080016,0.0011551153460884003,0.12849994676887044
Tanzania,0.0907258064516129,0.05829408514592327,0.0,0.5134255492270138,0.49298201657130974,0.0038421412362232813,0.011086659967225881,0.4415584415584415,0.36481533690442636,0.5236739051054354,0.6852697612141905,0.32743215569258777,0.0007467562774199571,0.9053537714645326,0.7227212080763913,0.008024891655362038,0.08235137551645551,0.39840989399293286,0.4531699855097224,0.09007260675827385,0.5837739556815706,0.05276563489049021,0.05361262804966686,0.4329896907216495,0.5637377663742379,0.8898761892921585,0.8728257473179878,0.33856814027955195,0.3535538978637883,0.0013278348557470851,0.5491570952632027,0.5582532099727655,0.055174472218239255,0.08300507470101849
Thailand,0.8669354838709677,0.02410733563426859,0.0,0.5038939904684412,0.17541963815038136,0.016035438558568677,0.16981425602460223,0.2857142857142857,0.31124894276853676,0.3970726959888511,0.6453568060503573,0.33833905544115117,0.46140203491085596,0.7735997482693515,0.7108881885218791,0.014357607633037044,0.11933290135245139,0.05565371024734983,0.493762536621171,0.05503783262674557,0.5528547024443746,0.43668954463127224,0.10624482413621779,0.055670103092783516,0.1862251195450439,0.7422296388742942,0.2153942297677325,0.4791612335336043,0.4234885478471003,0.02083757069380528,0.6795403322818909,0.2382046986869261,0.041049376835993336,0.023883033464636785
Timor-Leste,0.1844758064516129,0.9999999999999999,0.005873581120297232,0.26165291177496225,0.34950977480844886,0.00894222250069374,0.01443045391082935,0.050324675324675314,0.28766093412273275,0.6343164450712101,0.17424734163172018,0.08566400077047129,0.0025203024362923554,0.5465701699181873,0.6714638979977695,0.01766820796514947,0.4342865586373002,0.4284452296819788,0.46289001942583063,0.03576606765768199,0.725991768510234,0.13312529851625263,0.06673641485990332,0.4082474226804124,0.6199701937406856,0.8238685085994981,0.11415477554421415,0.21731753562375905,0.5288143176145069,6.674262684346642e-06,0.13711848364524748,0.09283524199980202,0.0004782899479897283,0.05582171120337841
Togo,0.125,0.11776616587265307,0.1696487604114114,0.8111124026502383,0.37621388882244866,0.0011757241939495324,0.01157006958392,0.6144480519480519,0.5371675594399022,0.2254917456350981,0.7107707670909993,0.332495967820592,0.19947727060580606,0.3777757799154904,0.766722835595296,0.001994038570344149,0.0351884431019533,0.5353356890459364,0.4648761049627619,0.04035735830579194,0.4663650178693305,0.05027630703408776,0.12071238985192055,0.3072164948453608,0.23871210756456696,0.9434028101335767,0.7964795333819394,0.3067086857776573,0.663700980359906,0.00011785224914440282,0.5225513032986793,0.39541581088302485,0.001971316640980725,0.12445438092196318
Turkiye,0.9526209677419354,0.0027191509885821897,0.0,0.5775892130652098,0.12463120174431838,0.01703208512517908,0.22550450517573023,0.11201298701298702,0.5435579362841837,0.2965512287995511,0.7051295364151651,0.1328480397163683,0.001306823485484925,0.3658635260271508,0.5387188774383689,0.028655175332325294,0.06455413753003401,0.0618374558303887,0.4016337946177161,0.0935843732863234,0.3796474650236496,0.23373813611212862,0.0825207322068918,0.0,0.21497380429271656,0.3717653379568357,0.14133944380793667,0.3344485435745004,0.43509610386875763,0.06363082279026284,0.31495598153180426,0.10151047804680456,0.0264994690680766,0.33436246850491497
Ukraine,0.9485887096774194,0.04246869972818489,0.0,0.823549924444961,0.15081401630157637,0.010769511622980895,0.16652430990471997,0.476461038961039,0.1574100178554647,0.16938500281056662,0.0,0.3246050221667591,0.0,0.5574035781713564,0.3823344013076334,0.0075791275619224024,0.07982280696364841,0.054770318021201414,0.46394436113062126,0.13723634502171306,0.1270650129743106,0.5562665765018794,0.056575647940873906,0.04742268041237113,0.26821405544809845,0.7125417219569381,0.0892615352567441,0.2075719764887426,0.32212395668713734,0.0190663677034967,0.7614898236572389,0.2199044116166595,0.022257695671893764,0.34114056566947015
United Arab Emirates,1.0,0.059570633072385755,7.73413572921212e-06,0.05893293037312566,0.009923427423669588,1.0,1.0,0.3563311688311688,0.5054036274786203,0.042969307988626734,0.7523020868251188,0.3423547605138375,1.0,0.9354940213971048,1.0,1.0,0.7272339815742639,0.03886925795053004,0.463478489214551,0.032571758980553506,0.8387049945625067,0.0,0.09986750046202895,0.0,0.7988077496274218,0.5008302919447549,0.008019997916883658,0.6910521711776476,0.5872945777338031,0.006623227718227859,0.10186174012597349,0.2852476043558122,0.0,0.0970935803257745
United States,1.0,0.014226255767099781,0.0,0.530396373358131,0.015352961595791796,0.0098893425850309,0.6628810948174129,0.2516233766233766,0.2798609153275068,0.3459429759924981,0.6318784429032951,0.2683094078563095,0.012041444973396808,0.688640654499685,0.4520030053295967,0.01760127732315537,0.26265600903792746,0.037102473498233215,1.0,0.16881517383707115,0.6443930442675931,0.521655580232255,0.02629044658620924,0.0,0.4179499917204835,0.8134612465426725,0.11467555462972608,0.8384149591703635,0.38575852995578297,0.6806376802592182,0.562094570845066,0.2845247886322948,0.6832757948186258,0.12175733702402497
Uruguay,1.0,0.0003358445781877744,0.0,0.9403696384981982,0.11219679242285564,0.0024549729063729755,0.10636170012731519,0.14610389610389612,0.2512921717883657,0.11775251956114831,0.6926776057007991,0.4151358319356474,0.0,0.749100961970691,0.5926008172203797,0.006023044486356257,0.7051434994441286,0.03356890459363958,0.4644877465403671,0.5310250937637941,0.9427928029466699,0.4899594324890052,0.013416800311740812,0.0,0.3562299598067118,0.7254887283637537,0.6347255494219353,0.6720608491640989,0.49712190613792073,0.001421617951765835,0.35076303491703764,0.043628165969640795,0.0056816567616194205,0.28996770644806413
Uzbekistan,0.7792338709677419,0.24398826854233543,0.0,0.6696501220504476,0.4274646344743707,0.22706838138701405,0.16109234753594578,0.5219155844155844,0.40738652382294893,0.083820884673832,0.7078851864975603,0.5923706341775185,0.002053579762904882,0.4140294884473612,0.6806923910841889,0.10629261415560952,0.17977229679570295,0.1068904593639576,0.43465533387750965,0.10272468299687351,0.602141288168132,0.11506071874751522,0.05934719935116484,0.0,0.5007451564828609,0.4412515380709398,0.009165711905009895,0.22538427511123535,0.3384836111772699,0.0020424289000650847,0.017920949724006263,0.10322358250953771,1.3369390579726856e-06,0.1458178075872103
Viet Nam,0.9868951612903226,0.008981125984321632,0.0,0.450540509124724,0.24654159465064174,0.014303380575730306,0.1693094016258066,0.2386363636363636,0.4000563856780378,0.48088584778263815,0.7557505079206934,0.3667993792880847,0.30224960328572764,0.8172929964937514,0.6478074658003724,0.011280548873287366,0.09079465137646778,0.16431095406360424,0.46406854091130556,0.05146982066822693,0.6458278187749938,0.24252152614908784,0.23775984208258827,0.05154639175257732,0.4457917324962898,0.8668754615374321,0.19747942922612227,0.41698463388762647,0.6712376150116847,0.012252214265034523,0.5721303480558417,0.05235166229103198,0.06453204291975458,0.050995422122857445
Zambia,0.08467741935483869,0.36723101854018714,0.0,0.3675462048122748,0.04205414907866804,0.0011889352058673096,0.01585954677530713,0.5267857142857142,0.45888544309745327,0.6155685343092724,0.6993504768794653,0.19056399198471838,9.334453467749464e-05,0.40294884473613224,0.7135118110660058,0.0016436290905262733,0.089882967694311,0.49204946996466437,0.47279355467390544,0.13950050389715593,0.6808714733667488,0.0027170302842312935,0.01851241507897708,0.5628865979381443,0.17395363869786112,0.7313757563544692,0.8508488699093846,0.3176373888115429,0.3451965171805317,0.0003817767842864862,0.5929872699782046,0.7393431254728615,0.06733393295050083,0.14205614109798076
